{
  "project_info": {
    "project_number": "227070976674",
    "project_id": "my-application-636d6",
    "storage_bucket": "my-application-636d6.appspot.com"
  },
  "client": [
    {
      "client_info": {
        "mobilesdk_app_id": "1:227070976674:android:191d58c95746d5b28aadfb",
        "android_client_info": {
          "package_name": "com.example.recycle_helper_application"
        }
      },
      "oauth_client": [],
      "api_key": [
        {
          "current_key": "AIzaSyC2NwY8lLdYPp01avkbOxIavVCUCePN27M"
        }
      ],
      "services": {
        "appinvite_service": {
          "other_platform_oauth_client": []
        }
      }
    }
  ],
  "configuration_version": "1"
}