{
  "project_info": {
    "project_number": "597732530221",
    "project_id": "neww-56a26",
    "storage_bucket": "neww-56a26.appspot.com"
  },
  "client": [
    {
      "client_info": {
        "mobilesdk_app_id": "1:597732530221:android:5e531aaa1bd32c7abac0a4",
        "android_client_info": {
          "package_name": "com.example.Recycling"
        }
      },
      "oauth_client": [],
      "api_key": [
        {
          "current_key": "AIzaSyDxjPpqjbQtVc9WVVJCFMYSEofcSUrF-Jk"
        }
      ],
      "services": {
        "appinvite_service": {
          "other_platform_oauth_client": []
        }
      }
    },
    {
      "client_info": {
        "mobilesdk_app_id": "1:597732530221:android:7e61a34309f559dabac0a4",
        "android_client_info": {
          "package_name": "com.recycle.last"
        }
      },
      "oauth_client": [],
      "api_key": [
        {
          "current_key": "AIzaSyDxjPpqjbQtVc9WVVJCFMYSEofcSUrF-Jk"
        }
      ],
      "services": {
        "appinvite_service": {
          "other_platform_oauth_client": []
        }
      }
    }
  ],
  "configuration_version": "1"
}